sample_id,label,measure,nhom20_gold,nhom6,agree
BDD01,traffic_sign,count,6,6,1
BDD01,traffic_sign,attr:facing,front|front|front|front|front|front,front|front|front|front|front|front,1
BDD01,traffic_sign,attr:mount,overhead|overhead|overhead|roadside|roadside|roadside,overhead|overhead|overhead|roadside|roadside|roadside,1
BDD01,traffic_sign,attr:needs_review,false|false|false|false|false|true,false|false|false|false|false|true,1
BDD01,traffic_sign,attr:occlusion,none|none|none|none|none|none,none|none|none|none|none|none,1
BDD01,traffic_sign,attr:readability,clear|clear|clear|degraded|illegible|illegible,clear|clear|clear|degraded|illegible|illegible,1
BDD01,traffic_sign,attr:relevance,ego|ego|ego|ego|ego|unclear,ego|ego|ego|ego|ego|unclear,1
BDD01,traffic_sign,attr:sign_category,danger_warning|danger_warning|danger_warning|danger_warning|informative|informative,danger_warning|danger_warning|danger_warning|danger_warning|informative|informative,1
BDD01,traffic_sign,attr:sign_type,chevron_alignment|direction_guide|direction_guide|other_warning|other_warning|other_warning,chevron_alignment|direction_guide|direction_guide|other_warning|other_warning|other_warning,1
BDD01,traffic_sign,attr:temporary,false|false|false|false|false|false,false|false|false|false|false|false,1
BDD01,traffic_sign,attr:truncated,false|false|false|false|false|false,false|false|false|false|false|false,1
BDD01,traffic_sign,attr:value_text,-|-|-|-|-|10,-|-|-|-|-|10,1
BDD04,traffic_sign,count,4,4,1
BDD04,traffic_sign,attr:facing,front|front|front|front,front|front|front|front,1
BDD04,traffic_sign,attr:mount,roadside|roadside|roadside|roadside,roadside|roadside|roadside|roadside,1
BDD04,traffic_sign,attr:needs_review,false|false|false|false,false|false|false|false,1
BDD04,traffic_sign,attr:occlusion,none|none|none|none,none|none|none|none,1
BDD04,traffic_sign,attr:readability,degraded|degraded|illegible|illegible,degraded|degraded|illegible|illegible,1
BDD04,traffic_sign,attr:relevance,ego|ego|ego|unclear,ego|ego|ego|unclear,1
BDD04,traffic_sign,attr:sign_category,danger_warning|danger_warning|prohibitory|supplementary_panel,danger_warning|danger_warning|prohibitory|supplementary_panel,1
BDD04,traffic_sign,attr:sign_type,curve|other_prohibitory|other_warning|panel_text_other,curve|other_prohibitory|other_warning|panel_text_other,1
BDD04,traffic_sign,attr:temporary,false|false|false|false,false|false|false|false,1
BDD04,traffic_sign,attr:truncated,false|false|false|false,false|false|false|false,1
BDD04,traffic_sign,attr:value_text,-|-|-|15,-|-|-|15,1
BDD05,traffic_sign,count,6,6,1
BDD05,traffic_sign,attr:facing,back|back|back|front|front|front,back|back|back|front|front|front,1
BDD05,traffic_sign,attr:mount,roadside|roadside|roadside|roadside|roadside|roadside,roadside|roadside|roadside|roadside|roadside|roadside,1
BDD05,traffic_sign,attr:needs_review,false|false|false|false|false|false,false|false|false|false|false|false,1
BDD05,traffic_sign,attr:occlusion,none|none|none|none|none|none,none|none|none|none|none|none,1
BDD05,traffic_sign,attr:readability,clear|clear|illegible|illegible|illegible|illegible,clear|clear|illegible|illegible|illegible|illegible,1
BDD05,traffic_sign,attr:relevance,not_ego|not_ego|not_ego|unclear|unclear|unclear,not_ego|not_ego|not_ego|unclear|unclear|unclear,1
BDD05,traffic_sign,attr:sign_category,informative|informative|prohibitory|unknown|unknown|unknown,informative|informative|prohibitory|unknown|unknown|unknown,1
BDD05,traffic_sign,attr:sign_type,other_informative|other_informative|other_prohibitory|unknown|unknown|unknown,other_informative|other_informative|other_prohibitory|unknown|unknown|unknown,1
BDD05,traffic_sign,attr:temporary,false|false|false|false|false|false,false|false|false|false|false|false,1
BDD05,traffic_sign,attr:truncated,false|false|false|false|false|false,false|false|false|false|false|false,1
BDD05,traffic_sign,attr:value_text,-|-|-|-|-|-,-|-|-|-|-|-,1
GTS05,traffic_sign,count,7,7,1
GTS05,traffic_sign,attr:facing,back|back|front|front|front|front|front,back|back|front|front|front|front|front,1
GTS05,traffic_sign,attr:mount,other|roadside|roadside|roadside|roadside|roadside|roadside,other|roadside|roadside|roadside|roadside|roadside|roadside,1
GTS05,traffic_sign,attr:needs_review,false|false|false|false|false|true|true,false|false|false|false|false|true|true,1
GTS05,traffic_sign,attr:occlusion,none|none|none|none|none|partial|partial,none|none|none|none|none|partial|partial,1
GTS05,traffic_sign,attr:readability,clear|clear|clear|degraded|degraded|illegible|illegible,clear|clear|clear|degraded|degraded|illegible|illegible,1
GTS05,traffic_sign,attr:relevance,not_ego|not_ego|not_ego|unclear|unclear|unclear|unclear,not_ego|not_ego|not_ego|unclear|unclear|unclear|unclear,1
GTS05,traffic_sign,attr:sign_category,informative|informative|informative|prohibitory|unknown|unknown|unknown,informative|informative|informative|prohibitory|unknown|unknown|unknown,1
GTS05,traffic_sign,attr:sign_type,bus_stop|pedestrian_crossing|speed_limit|street_name|unknown|unknown|unknown,bus_stop|pedestrian_crossing|speed_limit|street_name|unknown|unknown|unknown,1
GTS05,traffic_sign,attr:temporary,false|false|false|false|false|false|false,false|false|false|false|false|false|false,1
GTS05,traffic_sign,attr:truncated,false|false|false|false|false|false|true,false|false|false|false|false|false|true,1
GTS05,traffic_sign,attr:value_text,-|-|-|-|-|-|30,-|-|-|-|-|-|30,1
