sample_id,decision_id,expected,severity,kind,peer_evidence,correct,note
GTS18,d1,label=traffic_sign x2 (danger_warning/curve + prohibitory/speed_limit),major,decision,traffic_sign [facing=front;mount=roadside;needs_review=false;occlusion=none;readability=clear;relevance=ego;sign_category=danger_warning;sign_type=curve;temporary=false;truncated=false;value_text=-] | traffic_sign [facing=front;mount=roadside;needs_review=false;occlusion=none;readability=clear;relevance=ego;sign_category=prohibitory;sign_type=speed_limit;temporary=false;truncated=false;value_text=30],1,2 box riêng: danger_warning/curve + prohibitory/speed_limit
GTS18,d2,speed_limit: value_text=30; relevance=ego,critical,decision,traffic_sign [facing=front;mount=roadside;needs_review=false;occlusion=none;readability=clear;relevance=ego;sign_category=danger_warning;sign_type=curve;temporary=false;truncated=false;value_text=-] | traffic_sign [facing=front;mount=roadside;needs_review=false;occlusion=none;readability=clear;relevance=ego;sign_category=prohibitory;sign_type=speed_limit;temporary=false;truncated=false;value_text=30],1,"speed_limit value_text=30, relevance=ego"
GTS18,d3,"geometry: box tam giác ≈ (710,265.5)-(780,342), mỗi cạnh lệch ≤ 2 px, không ôm biển 30 bên dưới",minor,geometry,traffic_sign [facing=front;mount=roadside;needs_review=false;occlusion=none;readability=clear;relevance=ego;sign_category=danger_warning;sign_type=curve;temporary=false;truncated=false;value_text=-] | traffic_sign [facing=front;mount=roadside;needs_review=false;occlusion=none;readability=clear;relevance=ego;sign_category=prohibitory;sign_type=speed_limit;temporary=false;truncated=false;value_text=30],1,"box tam giác (710,265.5)-(780,342): lệch 0 px mỗi cạnh; biển 30 là box riêng (721.5,340.5)-(771,398.5)"
BDD09,d1,thoi vàng = danger_warning/other_warning; relevance=ego (không phải priority_road),major,decision,traffic_sign [facing=front;mount=roadside;needs_review=false;occlusion=none;readability=degraded;relevance=ego;sign_category=danger_warning;sign_type=other_warning;temporary=false;truncated=false;value_text=-] | traffic_sign [facing=front;mount=roadside;needs_review=false;occlusion=none;readability=degraded;relevance=ego;sign_category=informative;sign_type=direction_guide;temporary=false;truncated=false;value_text=-],1,"thoi vàng = danger_warning/other_warning, ego; không gán priority_road"
BDD09,d2,bảng xanh lề phải = informative/direction_guide; relevance=ego,minor,decision,traffic_sign [facing=front;mount=roadside;needs_review=false;occlusion=none;readability=degraded;relevance=ego;sign_category=danger_warning;sign_type=other_warning;temporary=false;truncated=false;value_text=-] | traffic_sign [facing=front;mount=roadside;needs_review=false;occlusion=none;readability=degraded;relevance=ego;sign_category=informative;sign_type=direction_guide;temporary=false;truncated=false;value_text=-],1,"bảng xanh = informative/direction_guide, ego"
GTS17,d1,label=prohibitory/no_entry x2; relevance=ego,critical,decision,traffic_sign [facing=back;mount=roadside;needs_review=false;occlusion=none;readability=clear;relevance=not_ego;sign_category=unknown;sign_type=unknown;temporary=false;truncated=false;value_text=-]×2 | traffic_sign [facing=front;mount=roadside;needs_review=false;occlusion=none;readability=clear;relevance=ego;sign_category=prohibitory;sign_type=no_entry;temporary=false;truncated=false;value_text=-]×2 | traffic_sign [facing=front;mount=roadside;needs_review=true;occlusion=none;readability=clear;relevance=unclear;sign_category=informative;sign_type=other_informative;temporary=false;truncated=false;value_text=-],1,"2 box prohibitory/no_entry, ego"
GTS17,d2,2 tấm tam giác xám = facing=back; sign_category=unknown; relevance=not_ego (không phải give_way),major,decision,traffic_sign [facing=back;mount=roadside;needs_review=false;occlusion=none;readability=clear;relevance=not_ego;sign_category=unknown;sign_type=unknown;temporary=false;truncated=false;value_text=-]×2 | traffic_sign [facing=front;mount=roadside;needs_review=false;occlusion=none;readability=clear;relevance=ego;sign_category=prohibitory;sign_type=no_entry;temporary=false;truncated=false;value_text=-]×2 | traffic_sign [facing=front;mount=roadside;needs_review=true;occlusion=none;readability=clear;relevance=unclear;sign_category=informative;sign_type=other_informative;temporary=false;truncated=false;value_text=-],1,"2 tấm tam giác xám: facing=back, unknown/unknown, not_ego; không gán give_way"
GTS17,d3,biển hiệu EINGANG/WARENAUSGABE trên tường: không có box,minor,decision,traffic_sign [facing=back;mount=roadside;needs_review=false;occlusion=none;readability=clear;relevance=not_ego;sign_category=unknown;sign_type=unknown;temporary=false;truncated=false;value_text=-]×2 | traffic_sign [facing=front;mount=roadside;needs_review=false;occlusion=none;readability=clear;relevance=ego;sign_category=prohibitory;sign_type=no_entry;temporary=false;truncated=false;value_text=-]×2 | traffic_sign [facing=front;mount=roadside;needs_review=true;occlusion=none;readability=clear;relevance=unclear;sign_category=informative;sign_type=other_informative;temporary=false;truncated=false;value_text=-],1,"ảnh có 5 box (2 back, 2 no_entry, 1 Süd); không có box cho biển hiệu EINGANG/WARENAUSGABE"
GTS17,d4,tấm Süd: có box với needs_review=true,major,decision,traffic_sign [facing=back;mount=roadside;needs_review=false;occlusion=none;readability=clear;relevance=not_ego;sign_category=unknown;sign_type=unknown;temporary=false;truncated=false;value_text=-]×2 | traffic_sign [facing=front;mount=roadside;needs_review=false;occlusion=none;readability=clear;relevance=ego;sign_category=prohibitory;sign_type=no_entry;temporary=false;truncated=false;value_text=-]×2 | traffic_sign [facing=front;mount=roadside;needs_review=true;occlusion=none;readability=clear;relevance=unclear;sign_category=informative;sign_type=other_informative;temporary=false;truncated=false;value_text=-],1,"tấm Süd: informative/other_informative, relevance=unclear, needs_review=true"
GTS08,d1,speed_limit x2: value_text=120 hoặc (? + needs_review=true); relevance=ego,critical,decision,traffic_sign [facing=front;mount=overhead;needs_review=false;occlusion=none;readability=illegible;relevance=ego;sign_category=informative;sign_type=direction_guide;temporary=false;truncated=false;value_text=-] | traffic_sign [facing=front;mount=roadside;needs_review=false;occlusion=none;readability=degraded;relevance=ego;sign_category=informative;sign_type=other_informative;temporary=false;truncated=false;value_text=-] | traffic_sign [facing=front;mount=roadside;needs_review=false;occlusion=none;readability=degraded;relevance=ego;sign_category=prohibitory;sign_type=no_overtaking_trucks;temporary=false;truncated=false;value_text=-]×2 | traffic_sign [facing=front;mount=roadside;needs_review=false;occlusion=none;readability=degraded;relevance=ego;sign_category=prohibitory;sign_type=speed_limit;temporary=false;truncated=false;value_text=120]×2 | traffic_sign [facing=front;mount=roadside;needs_review=false;occlusion=none;readability=illegible;relevance=ego;sign_category=informative;sign_type=direction_guide;temporary=false;truncated=false;value_text=-] | traffic_sign [facing=front;mount=roadside;needs_review=false;occlusion=none;readability=illegible;relevance=ego;sign_category=unknown;sign_type=unknown;temporary=false;truncated=false;value_text=-],1,"2 speed_limit value_text=120, ego (đọc được số nên không cần ? + needs_review)"
GTS08,d2,label=prohibitory/no_overtaking_trucks x2,major,decision,traffic_sign [facing=front;mount=overhead;needs_review=false;occlusion=none;readability=illegible;relevance=ego;sign_category=informative;sign_type=direction_guide;temporary=false;truncated=false;value_text=-] | traffic_sign [facing=front;mount=roadside;needs_review=false;occlusion=none;readability=degraded;relevance=ego;sign_category=informative;sign_type=other_informative;temporary=false;truncated=false;value_text=-] | traffic_sign [facing=front;mount=roadside;needs_review=false;occlusion=none;readability=degraded;relevance=ego;sign_category=prohibitory;sign_type=no_overtaking_trucks;temporary=false;truncated=false;value_text=-]×2 | traffic_sign [facing=front;mount=roadside;needs_review=false;occlusion=none;readability=degraded;relevance=ego;sign_category=prohibitory;sign_type=speed_limit;temporary=false;truncated=false;value_text=120]×2 | traffic_sign [facing=front;mount=roadside;needs_review=false;occlusion=none;readability=illegible;relevance=ego;sign_category=informative;sign_type=direction_guide;temporary=false;truncated=false;value_text=-] | traffic_sign [facing=front;mount=roadside;needs_review=false;occlusion=none;readability=illegible;relevance=ego;sign_category=unknown;sign_type=unknown;temporary=false;truncated=false;value_text=-],1,"2 box prohibitory/no_overtaking_trucks, box riêng với biển 120"
GTS08,d3,"geometry: biển 120 bên trái ≈ (232.5,488)-(274,526), box riêng, không ôm biển xe tải bên dưới",minor,geometry,traffic_sign [facing=front;mount=overhead;needs_review=false;occlusion=none;readability=illegible;relevance=ego;sign_category=informative;sign_type=direction_guide;temporary=false;truncated=false;value_text=-] | traffic_sign [facing=front;mount=roadside;needs_review=false;occlusion=none;readability=degraded;relevance=ego;sign_category=informative;sign_type=other_informative;temporary=false;truncated=false;value_text=-] | traffic_sign [facing=front;mount=roadside;needs_review=false;occlusion=none;readability=degraded;relevance=ego;sign_category=prohibitory;sign_type=no_overtaking_trucks;temporary=false;truncated=false;value_text=-]×2 | traffic_sign [facing=front;mount=roadside;needs_review=false;occlusion=none;readability=degraded;relevance=ego;sign_category=prohibitory;sign_type=speed_limit;temporary=false;truncated=false;value_text=120]×2 | traffic_sign [facing=front;mount=roadside;needs_review=false;occlusion=none;readability=illegible;relevance=ego;sign_category=informative;sign_type=direction_guide;temporary=false;truncated=false;value_text=-] | traffic_sign [facing=front;mount=roadside;needs_review=false;occlusion=none;readability=illegible;relevance=ego;sign_category=unknown;sign_type=unknown;temporary=false;truncated=false;value_text=-],1,"biển 120 trái (232.5,488)-(274,526): lệch 0 px; biển xe tải là box riêng (237.5,526)-(274,570)"
BDD21,d1,label=danger_warning/chevron_alignment x1; relevance=ego,major,decision,traffic_sign [facing=front;mount=roadside;needs_review=false;occlusion=none;readability=clear;relevance=ego;sign_category=danger_warning;sign_type=chevron_alignment;temporary=false;truncated=false;value_text=-],1,"1 box danger_warning/chevron_alignment, ego"
BDD21,d2,ảnh chỉ có đúng 1 box (đèn giao thông không label),minor,decision,traffic_sign [facing=front;mount=roadside;needs_review=false;occlusion=none;readability=clear;relevance=ego;sign_category=danger_warning;sign_type=chevron_alignment;temporary=false;truncated=false;value_text=-],1,ảnh có đúng 1 box; đèn giao thông không label
